{
  "goal_weight": 0.19488069415092468,
  "pick_weight": 0.19697341322898865,
  "drop_weight": 1.508817434310913,
  "idle_bias": 1.6420198678970337,
  "idle_penalty": 1000.0405883789062,
  "assign_pick_weight": 0.0,
  "assign_drop_weight": 0.14253568649291992,
  "assign_idle_bias": -0.31966477632522583,
  "congestion_weight": 0.0,
  "load_balance_weight": 0.509488046169281
}