{
  "goal_weight": 1.415854573249817,
  "pick_weight": 0.06265808641910553,
  "drop_weight": 0.0,
  "step_tolerance": 3.6162662506103516,
  "assign_pick_weight": 0.6397756338119507,
  "assign_drop_weight": 0.0,
  "congestion_weight": -1.0182483196258545,
  "assign_spread_weight": -1.9957622289657593
}