{
  "goal_weight": 0.6947388648986816,
  "pick_weight": 1.4290587902069092,
  "drop_weight": 2.2339272499084473,
  "step_tolerance": 14.26630973815918,
  "assign_pick_weight": 1.6045033931732178,
  "assign_drop_weight": 0.0,
  "congestion_weight": -2.0552148818969727,
  "assign_spread_weight": 1.0
}