{
  "goal_weight": 2.8648838996887207,
  "pick_weight": 0.0,
  "drop_weight": 0.10861723124980927,
  "step_tolerance": 5.78117561340332,
  "assign_pick_weight": 0.996699333190918,
  "assign_drop_weight": 0.0,
  "congestion_weight": -2.0708842277526855,
  "assign_spread_weight": 1.0
}