{
  "goal_weight": 1.0739141702651978,
  "pick_weight": 2.954674005508423,
  "drop_weight": 0.3079543113708496,
  "step_tolerance": 14.016738891601562,
  "assign_pick_weight": 0.11828853189945221,
  "assign_drop_weight": 0.0,
  "congestion_weight": -0.8073804378509521,
  "assign_spread_weight": 1.0
}