{
  "goal_weight": 0.4991636872291565,
  "pick_weight": 0.7672613859176636,
  "drop_weight": 0.3505934476852417,
  "step_tolerance": 19.152254104614258,
  "assign_pick_weight": 1.7815988063812256,
  "assign_drop_weight": 0.0,
  "congestion_weight": 0.1686164289712906,
  "assign_spread_weight": 1.0
}