{
  "goal_weight": 1.7912427186965942,
  "pick_weight": 1.9944772720336914,
  "drop_weight": 1.25796639919281,
  "step_tolerance": 10.704169273376465,
  "assign_pick_weight": 2.1721372604370117,
  "assign_drop_weight": 0.019254116341471672,
  "congestion_weight": -2.4263694286346436,
  "assign_spread_weight": 1.0
}