{
  "goal_weight": 0.0,
  "pick_weight": 0.6831018328666687,
  "drop_weight": 0.0,
  "step_tolerance": 18.369155883789062,
  "assign_pick_weight": 1.7364158630371094,
  "assign_drop_weight": 0.44513100385665894,
  "congestion_weight": -1.2744725942611694,
  "assign_spread_weight": 1.0
}