{
  "goal_weight": 1.6658849716186523,
  "pick_weight": 1.7538660764694214,
  "drop_weight": 1.8692586421966553,
  "idle_bias": 2.037942886352539,
  "idle_penalty": 998.9525146484375,
  "step_tolerance": 2.2158241271972656,
  "assign_pick_weight": 3.360788583755493,
  "assign_drop_weight": 0.0,
  "assign_idle_bias": -1.0,
  "congestion_weight": -1.3598884344100952
}