{
  "goal_weight": 1.1945443153381348,
  "pick_weight": 0.6748026609420776,
  "drop_weight": 0.24074769020080566,
  "step_tolerance": 15.72464370727539,
  "assign_pick_weight": 1.5807358026504517,
  "assign_drop_weight": 0.0,
  "congestion_weight": -0.7045038342475891,
  "assign_spread_weight": 1.0
}