{
  "goal_weight": 2.4209113121032715,
  "pick_weight": 0.0,
  "drop_weight": 0.0,
  "step_tolerance": 3.3668034076690674,
  "assign_pick_weight": 1.8094550371170044,
  "assign_drop_weight": 0.0,
  "congestion_weight": -2.7084062099456787,
  "assign_spread_weight": -1.4395283460617065
}