{
  "goal_weight": 2.6848268508911133,
  "pick_weight": 0.482923686504364,
  "drop_weight": 0.0,
  "step_tolerance": 9.892087936401367,
  "assign_pick_weight": 1.368526577949524,
  "assign_drop_weight": 0.5572308301925659,
  "congestion_weight": -1.060584545135498,
  "assign_spread_weight": 1.0
}