{
  "stage": "stage3_step_assign_goal_ratio_0p25",
  "params": {
    "goal_weight": 1.717647910118103,
    "pick_weight": 0.10166613012552261,
    "drop_weight": 0.0,
    "assign_pick_weight": 1.2746870517730713,
    "assign_drop_weight": 0.0,
    "congestion_weight": -1.6456702947616577,
    "assign_spread_weight": 0.7223836779594421,
    "step_tolerance": 13.333011627197266
  },
  "training_time_seconds": 0.028067588806152344,
  "rollout_count": 64000,
  "episodes_per_candidate": 20,
  "iterations": 100,
  "population": 32
}