{
  "stage": "stage3_step_assign_goal_ratio_0p50",
  "params": {
    "goal_weight": 1.7022745609283447,
    "pick_weight": 0.42561104893684387,
    "drop_weight": 0.2886379361152649,
    "assign_pick_weight": 2.9580883979797363,
    "assign_drop_weight": 1.0,
    "congestion_weight": -1.0,
    "assign_spread_weight": 1.0,
    "step_tolerance": 3.6031394004821777
  },
  "training_time_seconds": 362.41092824935913,
  "rollout_count": 64000,
  "episodes_per_candidate": 20,
  "iterations": 100,
  "population": 32
}