{
  "stage": "stage3_step_assign_goal_ratio_0p25",
  "params": {
    "goal_weight": 1.9397196769714355,
    "pick_weight": 0.42561104893684387,
    "drop_weight": 0.2886379361152649,
    "assign_pick_weight": 2.242018222808838,
    "assign_drop_weight": 1.0,
    "congestion_weight": -1.0,
    "assign_spread_weight": 1.0,
    "step_tolerance": 4.6838178634643555
  },
  "training_time_seconds": 177.26985454559326,
  "rollout_count": 64000,
  "episodes_per_candidate": 20,
  "iterations": 100,
  "population": 32
}