{
  "stage": "stage3_step_assign_goal_ratio_0p25",
  "params": {
    "goal_weight": 0.6230416893959045,
    "pick_weight": 0.42561104893684387,
    "drop_weight": 0.2886379361152649,
    "assign_pick_weight": 1.5058708190917969,
    "assign_drop_weight": 1.0,
    "congestion_weight": -2.056034803390503,
    "assign_spread_weight": 1.0,
    "step_tolerance": 4.128828525543213
  },
  "training_time_seconds": 177.9238007068634,
  "rollout_count": 64000,
  "episodes_per_candidate": 20,
  "iterations": 100,
  "population": 32
}