{
  "stage": "stage3_step_assign_goal_ratio_0p50",
  "params": {
    "goal_weight": 1.803683876991272,
    "pick_weight": 0.10166613012552261,
    "drop_weight": 0.0,
    "assign_pick_weight": 1.2417664527893066,
    "assign_drop_weight": 0.0,
    "congestion_weight": -1.6456702947616577,
    "assign_spread_weight": 0.7223836779594421,
    "step_tolerance": 13.387884140014648
  },
  "training_time_seconds": 0.0284273624420166,
  "rollout_count": 64000,
  "episodes_per_candidate": 20,
  "iterations": 100,
  "population": 32
}