iter,reward_mean,reward_std,reward_max,best_goal_rate,best_collision_rate,best_timeup_rate,best_avg_steps,best_avg_task_completion,v0,v1,v2
1,-501.46453857421875,45.671241760253906,-404.4576721191406,0.0,0.05000000074505806,0.949999988079071,109.30000305175781,21.25,13.387884140014648,1.2417664527893066,1.803683876991272
