iter,reward_mean,reward_std,reward_max,best_goal_rate,best_collision_rate,best_timeup_rate,best_avg_steps,best_avg_task_completion,v0,v1
1,-707.9593505859375,27.690914154052734,-646.1270751953125,0.0,0.8500000238418579,0.15000000596046448,60.599998474121094,14.149999618530273,0.10166613012552261,-0.030915196985006332
