iter,reward_mean,reward_std,reward_max,best_goal_rate,best_collision_rate,best_timeup_rate,best_avg_steps,best_avg_task_completion,v0
1,-724.814697265625,25.11549186706543,-663.3369750976562,0.0,0.800000011920929,0.20000000298023224,58.400001525878906,13.199999809265137,13.264086723327637
