{
  "stage": "stage3_step_assign_goal_ratio_0p25",
  "params": {
    "goal_weight": 0.34877681732177734,
    "pick_weight": 0.35385650396347046,
    "drop_weight": 0.8988494873046875,
    "assign_pick_weight": 1.1166276931762695,
    "assign_drop_weight": 1.0,
    "congestion_weight": -1.0,
    "assign_spread_weight": 1.0,
    "step_tolerance": 9.95854663848877
  },
  "training_time_seconds": 514.9462983608246,
  "rollout_count": 64000,
  "episodes_per_candidate": 20,
  "iterations": 100,
  "population": 32
}