{
  "stage": "stage3_step_assign_goal_ratio_0p50",
  "params": {
    "goal_weight": 1.7251168489456177,
    "pick_weight": 0.2240062952041626,
    "drop_weight": 2.447343587875366,
    "assign_pick_weight": 2.584664821624756,
    "assign_drop_weight": 1.0,
    "congestion_weight": -1.155339002609253,
    "assign_spread_weight": 1.0,
    "step_tolerance": 20.863338470458984
  },
  "training_time_seconds": 0.0008380413055419922,
  "rollout_count": 64000,
  "episodes_per_candidate": 20,
  "iterations": 100,
  "population": 32
}