{
  "stage": "stage3_step_assign_goal_ratio_0p50",
  "params": {
    "goal_weight": 0.0,
    "pick_weight": 0.35385650396347046,
    "drop_weight": 0.8988494873046875,
    "assign_pick_weight": 1.4689719676971436,
    "assign_drop_weight": 1.0,
    "congestion_weight": -1.0,
    "assign_spread_weight": 1.0,
    "step_tolerance": 15.132845878601074
  },
  "training_time_seconds": 2683.8533520698547,
  "rollout_count": 64000,
  "episodes_per_candidate": 20,
  "iterations": 100,
  "population": 32
}