{
  "stage": "stage2_pick_drop",
  "params": {
    "goal_weight": 1.6614289283752441,
    "pick_weight": 0.3691066801548004,
    "drop_weight": 0.11286190897226334,
    "assign_pick_weight": 1.2650723457336426,
    "assign_drop_weight": 0.0,
    "congestion_weight": -1.6456702947616577,
    "assign_spread_weight": 0.7223836779594421,
    "step_tolerance": 13.342537879943848
  },
  "training_time_seconds": 0.02838897705078125,
  "rollout_count": 64000,
  "episodes_per_candidate": 20,
  "iterations": 100,
  "population": 32
}