{
  "stage": "stage3_step_assign_goal_ratio_0p33",
  "params": {
    "goal_weight": 0.8859749436378479,
    "pick_weight": 0.831331193447113,
    "drop_weight": 1.738924503326416,
    "assign_pick_weight": 1.1767702102661133,
    "assign_drop_weight": 1.0,
    "congestion_weight": -1.1158536672592163,
    "assign_spread_weight": 1.0,
    "step_tolerance": 15.353771209716797
  },
  "training_time_seconds": 1912.83637881279,
  "rollout_count": 64000,
  "episodes_per_candidate": 20,
  "iterations": 100,
  "population": 32
}