iter,reward_mean,reward_std,reward_max,best_goal_rate,best_collision_rate,best_timeup_rate,best_avg_steps,best_avg_task_completion,v0,v1,v2
1,-850.5181274414062,14.647117614746094,-830.0504150390625,0.0,0.10000000149011612,0.8999999761581421,576.9500122070312,26.850000381469727,13.302772521972656,1.2439168691635132,1.6477521657943726
