iter,reward_mean,reward_std,reward_max,best_goal_rate,best_collision_rate,best_timeup_rate,best_avg_steps,best_avg_task_completion,v0,v1
1,-952.6766357421875,29.39212989807129,-899.38525390625,0.0,0.6499999761581421,0.3499999940395355,330.1000061035156,15.699999809265137,0.3691066801548004,0.11286190897226334
