iter,reward_mean,reward_std,reward_max,best_goal_rate,best_collision_rate,best_timeup_rate,best_avg_steps,best_avg_task_completion,v0,v1,v2
1,-954.8370971679688,11.874167442321777,-933.9849853515625,0.0,0.800000011920929,0.20000000298023224,251.64999389648438,10.899999618530273,13.202295303344727,1.2203483581542969,1.637244462966919
