{
  "goal_weight": 0.0,
  "pick_weight": 0.700846254825592,
  "drop_weight": 0.8701266050338745,
  "idle_bias": 1.956693172454834,
  "idle_penalty": 998.3643798828125,
  "step_tolerance": 3.429784059524536,
  "assign_pick_weight": 0.4867924153804779,
  "assign_drop_weight": 0.0,
  "assign_idle_bias": -1.0,
  "congestion_weight": -2.2088184356689453
}