{
  "goal_weight": 2.4760775566101074,
  "pick_weight": 1.443485975265503,
  "drop_weight": 0.0,
  "idle_bias": 1.6944384574890137,
  "idle_penalty": 1002.0728759765625,
  "step_tolerance": 4.733063220977783,
  "assign_pick_weight": 0.4933348596096039,
  "assign_drop_weight": 0.0,
  "assign_idle_bias": -1.0,
  "congestion_weight": 2.784754991531372
}