{
  "goal_weight": 6.6010918617248535,
  "pick_weight": 1.2772808074951172,
  "drop_weight": 0.0,
  "idle_bias": 1.8326388597488403,
  "idle_penalty": 1006.4180908203125,
  "assign_pick_weight": 8.866561889648438,
  "assign_drop_weight": 0.0,
  "assign_idle_bias": -9.845314025878906,
  "congestion_weight": 0.0,
  "load_balance_weight": 0.7552478909492493
}