{
  "stage": "stage3_step_assign_goal_ratio_0p50",
  "params": {
    "goal_weight": 0.0,
    "pick_weight": 0.5146871209144592,
    "drop_weight": 0.3140970468521118,
    "assign_pick_weight": 2.3046884536743164,
    "assign_drop_weight": 1.0,
    "congestion_weight": -1.0,
    "assign_spread_weight": 1.0,
    "step_tolerance": 3.484849691390991
  },
  "training_time_seconds": 381.51349449157715,
  "rollout_count": 64000,
  "episodes_per_candidate": 20,
  "iterations": 100,
  "population": 32
}