{
  "stage": "stage3_step_assign_goal_ratio_0p33",
  "params": {
    "goal_weight": 1.7391890287399292,
    "pick_weight": 0.26741182804107666,
    "drop_weight": 1.2197264432907104,
    "assign_pick_weight": 2.4769368171691895,
    "assign_drop_weight": 1.0,
    "congestion_weight": -1.0,
    "assign_spread_weight": 1.0,
    "step_tolerance": 15.281529426574707
  },
  "training_time_seconds": 698.6976654529572,
  "rollout_count": 64000,
  "episodes_per_candidate": 20,
  "iterations": 100,
  "population": 32
}