{
  "stage": "stage3_step_assign_goal_ratio_0p40",
  "params": {
    "goal_weight": 0.8055601119995117,
    "pick_weight": 0.5414569973945618,
    "drop_weight": 2.3112053871154785,
    "assign_pick_weight": 1.8144863843917847,
    "assign_drop_weight": 1.0,
    "congestion_weight": -1.1995012760162354,
    "assign_spread_weight": 1.0,
    "step_tolerance": 19.007062911987305
  },
  "training_time_seconds": 2079.059088230133,
  "rollout_count": 64000,
  "episodes_per_candidate": 20,
  "iterations": 100,
  "population": 32
}