{
  "stage": "stage3_step_assign_goal_ratio_0p25",
  "params": {
    "goal_weight": 1.8654285669326782,
    "pick_weight": 0.26741182804107666,
    "drop_weight": 1.2197264432907104,
    "assign_pick_weight": 1.9527782201766968,
    "assign_drop_weight": 1.0,
    "congestion_weight": -1.0,
    "assign_spread_weight": 1.0,
    "step_tolerance": 13.323630332946777
  },
  "training_time_seconds": 505.23549723625183,
  "rollout_count": 64000,
  "episodes_per_candidate": 20,
  "iterations": 100,
  "population": 32
}