{
  "stage": "stage3_step_assign_goal_ratio_0p50",
  "params": {
    "goal_weight": 1.2095202207565308,
    "pick_weight": 0.26741182804107666,
    "drop_weight": 1.2197264432907104,
    "assign_pick_weight": 1.4733233451843262,
    "assign_drop_weight": 1.0,
    "congestion_weight": -1.0,
    "assign_spread_weight": 1.0,
    "step_tolerance": 17.88446044921875
  },
  "training_time_seconds": 1444.1273112297058,
  "rollout_count": 64000,
  "episodes_per_candidate": 20,
  "iterations": 100,
  "population": 32
}