{
  "stage": "stage1_step_tolerance",
  "params": {
    "goal_weight": 1.637244462966919,
    "pick_weight": 0.3691066801548004,
    "drop_weight": 0.11286190897226334,
    "assign_pick_weight": 1.2203483581542969,
    "assign_drop_weight": 0.0,
    "congestion_weight": -1.6456702947616577,
    "assign_spread_weight": 0.7223836779594421,
    "step_tolerance": 13.27205753326416
  },
  "training_time_seconds": 0.03793597221374512,
  "rollout_count": 96000,
  "episodes_per_candidate": 20,
  "iterations": 150,
  "population": 32
}