{
  "stage": "stage2_pick_drop",
  "params": {
    "goal_weight": 1.637244462966919,
    "pick_weight": 0.40027526021003723,
    "drop_weight": 0.36751025915145874,
    "assign_pick_weight": 1.2203483581542969,
    "assign_drop_weight": 0.0,
    "congestion_weight": -1.6456702947616577,
    "assign_spread_weight": 0.7223836779594421,
    "step_tolerance": 13.27205753326416
  },
  "training_time_seconds": 0.027945995330810547,
  "rollout_count": 64000,
  "episodes_per_candidate": 20,
  "iterations": 100,
  "population": 32
}