iter,reward_mean,reward_std,reward_max,best_goal_rate,best_collision_rate,best_timeup_rate,best_avg_steps,best_avg_task_completion,v0,v1,v2,v3
1,-882.28955078125,16.01812744140625,-839.3665771484375,0.0,0.8999999761581421,0.10000000149011612,123.94999694824219,2.799999952316284,11.397111892700195,1.068458080291748,1.0302764177322388,-0.9604825973510742
2,-831.941650390625,34.5554313659668,-725.6333618164062,0.0,0.75,0.25,156.5500030517578,4.5,11.51932430267334,0.6790520548820496,0.961036205291748,-0.9120607972145081
3,-857.65625,42.24812698364258,-753.7999877929688,0.0,0.800000011920929,0.20000000298023224,150.3000030517578,4.599999904632568,11.637938499450684,0.8584217429161072,1.0373320579528809,-0.9370759725570679
4,-888.504150390625,29.652141571044922,-819.2999877929688,0.0,0.8500000238418579,0.15000000596046448,118.80000305175781,2.6500000953674316,11.80589485168457,0.7944472432136536,0.7825360298156738,-1.0074656009674072
5,-874.0614013671875,46.458518981933594,-783.566650390625,0.0,0.8500000238418579,0.20000000298023224,147.64999389648438,4.300000190734863,11.859020233154297,0.882921576499939,0.9434993267059326,-0.9325236082077026
6,-860.8291625976562,43.915771484375,-652.9666137695312,0.0,0.6499999761581421,0.3499999940395355,174.8000030517578,5.550000190734863,11.983072280883789,1.040425181388855,0.9035097360610962,-0.9050893783569336
7,-731.1823120117188,113.37137603759766,-532.0167236328125,0.0,0.5,0.44999998807907104,212.85000610351562,7.349999904632568,12.381505966186523,1.0679525136947632,0.9337530136108398,-0.8259663581848145
8,-770.76611328125,60.395145416259766,-692.13330078125,0.0,0.75,0.25,181.3000030517578,6.199999809265137,12.457345962524414,1.0193554162979126,1.0948952436447144,-0.884350597858429
