iter,reward_mean,reward_std,reward_max,best_goal_rate,best_collision_rate,best_timeup_rate,best_avg_steps,best_avg_task_completion,v0,v1,v2
1,-1260.648193359375,16.19291114807129,-1226.90966796875,0.0,1.0,0.0,579.9500122070312,16.450000762939453,13.339468955993652,1.1456738710403442,1.6712219715118408
