iter,reward_mean,reward_std,reward_max,best_goal_rate,best_collision_rate,best_timeup_rate,best_avg_steps,best_avg_task_completion,v0,v1,v2
1,-1150.80126953125,57.95164489746094,-1069.335693359375,0.0,0.949999988079071,0.05000000074505806,186.4499969482422,5.650000095367432,13.342196464538574,1.1413416862487793,1.708382487297058
