{
  "stage": "stage3_step_assign_goal_ratio_0p25",
  "params": {
    "goal_weight": 1.219766616821289,
    "pick_weight": 2.252450704574585,
    "drop_weight": 2.2107386589050293,
    "assign_pick_weight": 3.444194793701172,
    "assign_drop_weight": 1.0,
    "congestion_weight": -0.8361079692840576,
    "assign_spread_weight": 1.0,
    "step_tolerance": 4.769294261932373
  },
  "training_time_seconds": 802.6340606212616,
  "rollout_count": 64000,
  "episodes_per_candidate": 20,
  "iterations": 100,
  "population": 32
}