{
  "stage": "stage2_pick_drop",
  "params": {
    "goal_weight": 1.803683876991272,
    "pick_weight": 0.31147608160972595,
    "drop_weight": 0.017206139862537384,
    "assign_pick_weight": 1.2417664527893066,
    "assign_drop_weight": 0.0,
    "congestion_weight": -1.6456702947616577,
    "assign_spread_weight": 0.7223836779594421,
    "step_tolerance": 13.412875175476074
  },
  "training_time_seconds": 0.04833102226257324,
  "rollout_count": 64000,
  "episodes_per_candidate": 20,
  "iterations": 100,
  "population": 32
}