iter,reward_mean,reward_std,reward_max,best_goal_rate,best_collision_rate,best_timeup_rate,best_avg_steps,best_avg_task_completion,v0,v1
1,-428.2130432128906,43.82328796386719,-351.24041748046875,0.0,0.3499999940395355,0.6499999761581421,151.39999389648438,39.75,0.31147608160972595,0.017206139862537384
