iter,reward_mean,reward_std,reward_max,best_goal_rate,best_collision_rate,best_timeup_rate,best_avg_steps,best_avg_task_completion,v0
1,-419.8673095703125,30.33755874633789,-348.24041748046875,0.0,0.3499999940395355,0.6499999761581421,151.39999389648438,40.04999923706055,13.412875175476074
