iter,reward_mean,reward_std,reward_max,best_goal_rate,best_collision_rate,best_timeup_rate,best_avg_steps,best_avg_task_completion,v0,v1,v2
1,-690.0830078125,36.27170181274414,-595.7489013671875,0.0,0.800000011920929,0.20000000298023224,93.8499984741211,24.850000381469727,13.369254112243652,1.2650723457336426,1.6614289283752441
